Vessel Name,Operator,Service,Phase,ETA,ETD,Previous port,Next port,actual_A,actual_D
CMA CGM FORT ROYAL,CMA CGM,NEFWI,INBOUND,17/09/2019 18:00,18/09/2019 10:00,Moin,London Gateway Port,17/09/2019 18:30,18/09/2019 17:23
HANSA ASIA,MSC,ANGEX,INBOUND,17/09/2019 23:00,18/09/2019 09:00,San-Pedro,Antwerp,17/09/2019 23:40,18/09/2019 09:32
MSC LISA,MSC,AEGEAN,INBOUND,18/09/2019 11:00,18/09/2019 23:59,Gent (Ghent),Rotterdam,18/09/2019 11:35,19/09/2019 03:05
MOL GRATITUDE,Ocean Network Express,AL4,INBOUND,18/09/2019 12:00,18/09/2019 23:00,Tuxpan,Southampton,18/09/2019 19:30,19/09/2019 08:45
MSC NEDERLAND,MSC,BL11,INBOUND,18/09/2019 22:00,19/09/2019 03:00,Liverpool,Antwerp,18/09/2019 22:14,19/09/2019 07:05
ER LOS ANGELES,MSC,LEV,INBOUND,19/09/2019 01:00,19/09/2019 23:59,Gent (Ghent),Antwerp,19/09/2019 04:35,20/09/2019 01:37
CMA CGM NIAGARA,CMA CGM,SAWC,INBOUND,19/09/2019 05:00,20/09/2019 04:00,Posorja,Hamburg,19/09/2019 09:37,20/09/2019 04:00
EUROPE,MSC,NWC,INBOUND,19/09/2019 06:00,19/09/2019 22:00,El Dekheila,Rotterdam,19/09/2019 10:44,20/09/2019 02:05
MSC KATYAYNI,MSC,WAF,INBOUND,19/09/2019 16:00,20/09/2019 03:00,Cotonou,Rotterdam,20/09/2019 14:47,21/09/2019 00:18
MSC AINO,MSC,NWC,INBOUND,19/09/2019 22:00,20/09/2019 10:00,El Dekheila,Rotterdam,20/09/2019 05:40,20/09/2019 13:36
BUDAPEST BRIDGE,Ocean Network Express,AL1,INBOUND,20/09/2019 04:00,20/09/2019 18:00,Savannah,Antwerp,20/09/2019 03:35,20/09/2019 19:12
CAP SAN MALEAS,Maersk Line,SAEC1,INBOUND,20/09/2019 06:00,20/09/2019 23:00,Gent (Ghent),Hamburg,20/09/2019 06:48,21/09/2019 03:05
MOL PROFICIENCY,Ocean Network Express,SAECS,INBOUND,20/09/2019 07:00,20/09/2019 23:00,Rotterdam,Bremerhaven,20/09/2019 20:45,21/09/2019 11:08
ELBSAILOR,Ocean Network Express,IB1,INBOUND,20/09/2019 22:00,21/09/2019 06:00,Antwerp,Leixoes,21/09/2019 01:06,21/09/2019 08:15
CMA CGM SAINT LAURENT,CMA CGM,NEFGUI,INBOUND,21/09/2019 07:00,21/09/2019 16:00,Le Havre,Rotterdam,21/09/2019 14:45,22/09/2019 05:08
SEASPAN YANGTZE,HAPAG LLOYD,EPIC,INBOUND,21/09/2019 12:00,22/09/2019 05:00,Le Havre,Hamburg,21/09/2019 13:45,22/09/2019 13:10
NYK SWAN,Ocean Network Express,FE3,INBOUND,21/09/2019 20:00,22/09/2019 17:00,Antwerp,Piraeus,21/09/2019 20:47,23/09/2019 17:15
BALAO,HAPAG LLOYD,CES,INBOUND,22/09/2019 06:00,22/09/2019 21:00,Moin,Vlissingen,22/09/2019 14:22,23/09/2019 04:00
ER YOKOHAMA,MSC,AUS,INBOUND,22/09/2019 11:00,23/09/2019 01:00,Damietta,Antwerp,22/09/2019 07:00,22/09/2019 17:00
APL NEW YORK,CMA CGM,EPIC1,INBOUND,22/09/2019 16:00,23/09/2019 16:00,Mundra,Rotterdam,22/09/2019 19:18,23/09/2019 19:00
JAZAN,HAPAG LLOYD,NEMO,INBOUND,22/09/2019 23:00,23/09/2019 15:00,Malta Freeport Distripark,Hamburg,23/09/2019 21:36,24/09/2019 15:42
LICA MAERSK,Maersk Line,CLX,INBOUND,23/09/2019 18:00,24/09/2019 10:00,TERMINAL CONTECAR,Rotterdam,23/09/2019 18:38,24/09/2019 09:25
CHARLESTON EXPRESS,HAPAG LLOYD,AL3,INBOUND,24/09/2019 06:00,24/09/2019 17:00,Norfolk,Bremerhaven,24/09/2019 18:00,25/09/2019 09:05
MAERSK HORSBURGH,Maersk Line,AE7,INBOUND,24/09/2019 06:00,25/09/2019 06:00,Nansha,Piraeus,24/09/2019 05:27,25/09/2019 10:05
DIMITRIS C,Hamburg Sud,NEFWI,INBOUND,24/09/2019 18:00,25/09/2019 06:00,Moin,London Gateway Port,25/09/2019 05:14,25/09/2019 17:13
MOL GLIDE,Ocean Network Express,AL4,INBOUND,25/09/2019 06:00,25/09/2019 23:00,Tuxpan,Southampton,25/09/2019 18:40,26/09/2019 09:20
MSC CANDICE,MSC,NWC,INBOUND,25/09/2019 06:00,25/09/2019 18:00,El Dekheila,Rotterdam,25/09/2019 11:30,26/09/2019 03:00
MSC ANNICK,MSC,AEGEAN,INBOUND,25/09/2019 07:00,26/09/2019 07:00,Gent (Ghent),Rotterdam,25/09/2019 12:28,26/09/2019 06:00
SEATRADE WHITE,CMA CGM,PAD,INBOUND,25/09/2019 23:59,26/09/2019 11:00,Antwerp,Savannah,26/09/2019 04:02,26/09/2019 10:56
COSCO SHIPPING DANUBE,China Ocean Steamship Company,SAWC,INBOUND,26/09/2019 05:00,27/09/2019 04:00,Posorja,Hamburg,26/09/2019 12:18,27/09/2019 04:25
SEASPAN OCEANIA,MSC,LEV,INBOUND,26/09/2019 07:00,26/09/2019 23:00,Gent (Ghent),Antwerp,26/09/2019 16:25,27/09/2019 18:00
MSC KIM,MSC,WAF,INBOUND,26/09/2019 16:00,27/09/2019 04:00,Cotonou,Rotterdam,26/09/2019 20:15,27/09/2019 07:33
YM ENLIGHTENMENT,Yang Ming Line,AL1,INBOUND,27/09/2019 04:00,27/09/2019 18:00,Savannah,Antwerp,27/09/2019 09:12,27/09/2019 21:55
CAP SAN MARCO,Maersk Line,SAEC1,INBOUND,27/09/2019 06:00,27/09/2019 23:00,Gent (Ghent),Hamburg,27/09/2019 07:18,28/09/2019 05:00
MSC DESIREE,MSC,SAEC2,INBOUND,27/09/2019 14:00,28/09/2019 02:00,Bremerhaven,Hamburg,28/09/2019 16:28,29/09/2019 09:50
WES JANINE,Ocean Network Express,IB1,INBOUND,27/09/2019 22:00,28/09/2019 06:00,Antwerp,Leixoes,28/09/2019 06:25,28/09/2019 13:29
DAL KALAHARI,Deutsche Afrika Lines,SAECS,INBOUND,29/09/2019 08:00,29/09/2019 20:00,Rotterdam,Bremerhaven,28/09/2019 04:00,28/09/2019 19:00
GENOA,HAPAG LLOYD,AL2,INBOUND,30/09/2019 04:00,30/09/2019 17:00,Hamburg,Le Havre,30/09/2019 05:10,30/09/2019 12:57
MSC CLORINDA,MSC,AE7,INBOUND,01/10/2019 06:00,02/10/2019 06:00,Nansha,Piraeus,01/10/2019 11:32,02/10/2019 23:59
CMA CGM FORT DE FRANCE,CMA CGM,NEFWI,INBOUND,01/10/2019 18:00,02/10/2019 06:00,Moin,London Gateway Port,01/10/2019 18:16,02/10/2019 09:06
AEGIALI,HAPAG LLOYD,AL4,INBOUND,02/10/2019 06:00,02/10/2019 23:00,Tuxpan,Southampton,02/10/2019 11:53,03/10/2019 02:21
MSC ANTONIA,MSC,LEV,INBOUND,03/10/2019 07:00,03/10/2019 23:00,Gent (Ghent),Antwerp,03/10/2019 07:50,04/10/2019 04:00
ER FRANCE,MSC,WAF,INBOUND,03/10/2019 15:00,04/10/2019 03:00,Cotonou,Rotterdam,04/10/2019 05:00,04/10/2019 13:30
MSC ATLANTIC,MSC,BL11,INBOUND,03/10/2019 16:00,04/10/2019 04:00,Liverpool,Antwerp,03/10/2019 09:30,03/10/2019 15:15
BOMAR REGINA,CMA CGM,AD HOC,INBOUND,29/09/2019 13:00,30/09/2019 03:00,Santa Marta,Antwerp,29/09/2019 13:19,29/09/2019 23:04
MASTERY D,BG Freight,AD HOC,INBOUND,29/09/2019 16:00,30/09/2019 01:00,Santa Marta,Antwerp,29/09/2019 18:35,30/09/2019 02:12
CMA CGM FORT ST MARIE,CMA CGM,NBE,INBOUND,01/10/2019 04:00,01/10/2019 15:00,Fortaleza,Rotterdam,01/10/2019 21:22,02/10/2019 10:04
MSC PARIS,MSC,NWC,INBOUND,02/10/2019 10:00,02/10/2019 22:00,El Dekheila,Rotterdam,02/10/2019 17:38,03/10/2019 06:05
JSP MISTRAL,Unifeeder,AD HOC,INBOUND,02/10/2019 18:00,03/10/2019 04:00,Santa Marta,Antwerp,03/10/2019 01:13,03/10/2019 08:10
SM CHARLESTON,MSC,AUS,INBOUND,07/10/2019 14:00,08/10/2019 14:00,Damietta,Antwerp,07/10/2019 19:30,08/10/2019 18:10
SAFMARINE NOKWANDA,Maersk Line,CLX,INBOUND,07/10/2019 18:00,08/10/2019 10:00,TERMINAL CONTECAR,Rotterdam,07/10/2019 17:09,08/10/2019 04:13
CMA CGM FORT FLEUR DEPEE,CMA CGM,NEFWI,INBOUND,09/10/2019 18:00,10/10/2019 06:00,Moin,London Gateway Port,08/10/2019 19:52,09/10/2019 08:10
MSC MANDY,MSC,BL11,INBOUND,10/10/2019 14:00,11/10/2019 04:00,Liverpool,Antwerp,09/10/2019 05:42,09/10/2019 11:00
NORDSERENA,CMA CGM,CES,INBOUND,13/10/2019 06:00,13/10/2019 21:00,Moin,Vlissingen,13/10/2019 12:27,14/10/2019 02:05
MONACO,MSC,WAF,INBOUND,10/10/2019 09:01,10/10/2019 18:00,Cotonou,Rotterdam,10/10/2019 09:23,10/10/2019 18:00
MSC APOLLO,MSC,NWC,INBOUND,11/10/2019 12:00,12/10/2019 10:00,El Dekheila,Rotterdam,12/10/2019 00:10,12/10/2019 14:11
CHACABUCO,HAPAG LLOYD,AL2,INBOUND,12/10/2019 21:00,13/10/2019 19:00,Hamburg,Le Havre,15/10/2019 09:15,16/10/2019 04:22
EVRIDIKI G,HAPAG LLOYD,CES,INBOUND,13/10/2019 06:00,13/10/2019 20:00,Moin,Vlissingen,15/10/2019 01:01,15/10/2019 07:45
YM EXPRESS,Yang Ming Line,AL1,INBOUND,18/10/2019 04:00,18/10/2019 18:00,Savannah,Antwerp,18/10/2019 06:40,18/10/2019 16:51
MOL PRESENCE,Ocean Network Express,SAECS,INBOUND,14/10/2019 11:00,14/10/2019 23:00,Rotterdam,Bremerhaven,14/10/2019 12:15,14/10/2019 23:25
MSC DARDANELLES,MSC,NWC,INBOUND,14/10/2019 22:00,15/10/2019 10:00,El Dekheila,Rotterdam,15/10/2019 03:22,15/10/2019 13:05
WES JANINE,Ocean Network Express,IB1,INBOUND,18/10/2019 22:00,19/10/2019 06:00,Antwerp,Leixoes,19/10/2019 07:10,19/10/2019 14:10
MSC NEDERLAND,MSC,BL11,INBOUND,16/10/2019 23:59,17/10/2019 09:00,Liverpool,Antwerp,17/10/2019 00:30,17/10/2019 09:03
ST LOUIS EXPRESS,HAPAG LLOYD,AL3,INBOUND,17/10/2019 02:00,17/10/2019 12:00,Norfolk,Bremerhaven,17/10/2019 02:10,17/10/2019 13:30
BERLIN BRIDGE,Ocean Network Express,AL2,INBOUND,17/10/2019 03:00,17/10/2019 16:00,Hamburg,Le Havre,17/10/2019 03:46,17/10/2019 16:05
MSC PAMELA,MSC,AUS,INBOUND,17/10/2019 10:00,17/10/2019 22:00,Damietta,Antwerp,17/10/2019 10:40,17/10/2019 21:50
CMA CGM JEAN GABRIEL,CMA CGM,SAWC,INBOUND,17/10/2019 15:00,18/10/2019 09:00,Posorja,Hamburg,17/10/2019 18:35,18/10/2019 10:45
MSC MARGARITA,MSC,WAF,INBOUND,17/10/2019 19:00,18/10/2019 08:00,Cotonou,Rotterdam,17/10/2019 20:15,18/10/2019 04:55
NORTHERN JADE,MSC,LEV,INBOUND,17/10/2019 23:00,19/10/2019 06:00,Gent (Ghent),Antwerp,18/10/2019 00:55,19/10/2019 06:20
HSL NIKE,CMA CGM,NBE,INBOUND,18/10/2019 13:00,18/10/2019 20:00,Fortaleza,Rotterdam,20/10/2019 08:48,20/10/2019 12:43
SANTA ISABEL,Maersk Line,SAECS,INBOUND,18/10/2019 13:00,19/10/2019 13:00,Rotterdam,Bremerhaven,18/10/2019 20:41,19/10/2019 05:01
BOMAR CALAIS,CMA CGM,NBE,INBOUND,23/10/2019 11:00,23/10/2019 22:00,Fortaleza,Rotterdam,23/10/2019 12:07,23/10/2019 21:55
NORDPACIFIC,CMA CGM,PAD,INBOUND,25/10/2019 19:00,26/10/2019 04:00,Antwerp,Savannah,27/10/2019 20:15,28/10/2019 02:10
MSC FLORENTINA,MSC,NWC,INBOUND,28/10/2019 09:00,28/10/2019 22:00,El Dekheila,Rotterdam,31/10/2019 15:55,01/11/2019 11:07
MSC SARAH,MSC,AEGEAN,INBOUND,30/10/2019 06:00,31/10/2019 06:00,Gent (Ghent),Rotterdam,30/10/2019 22:07,31/10/2019 12:04
APL PHOENIX,CMA CGM,AUS,INBOUND,30/10/2019 12:00,31/10/2019 06:00,Damietta,Antwerp,30/10/2019 07:00,31/10/2019 02:26
CONMAR AVENUE,CMA CGM,EUM,INBOUND,29/10/2019 18:00,30/10/2019 04:00,Agadir,Dunkerque,30/10/2019 00:10,30/10/2019 03:58
MSC ATLANTIC,MSC,BL11,INBOUND,31/10/2019 20:00,01/11/2019 06:00,Liverpool,Antwerp,30/10/2019 09:30,30/10/2019 20:10
MSC MANDY,MSC,BL11,INBOUND,06/11/2019 14:00,07/11/2019 02:00,Liverpool,Antwerp,04/11/2019 02:13,04/11/2019 08:30
CMA CGM FORT ST MARIE,CMA CGM,NBE,INBOUND,04/11/2019 23:59,05/11/2019 15:00,Fortaleza,Rotterdam,05/11/2019 05:27,05/11/2019 17:12
LINDAUNIS,CMA CGM,EUM,INBOUND,05/11/2019 14:00,05/11/2019 20:00,Agadir,Dunkerque,07/11/2019 16:03,07/11/2019 19:26
MOL GRATITUDE,Ocean Network Express,AL4,INBOUND,06/11/2019 06:00,06/11/2019 23:00,Tuxpan,Southampton,06/11/2019 04:30,07/11/2019 03:10
MSC ASYA,MSC,EPIC1,INBOUND,10/11/2019 16:00,11/11/2019 16:00,Mundra,Rotterdam,11/11/2019 11:20,12/11/2019 09:35
LAURA MAERSK,Maersk Line,CLX,INBOUND,11/11/2019 18:00,12/11/2019 10:00,TERMINAL CONTECAR,Rotterdam,11/11/2019 19:00,12/11/2019 08:15
YM EVOLUTION,Yang Ming Line,AL1,INBOUND,15/11/2019 04:00,15/11/2019 18:00,Savannah,Antwerp,15/11/2019 05:00,15/11/2019 17:21
CAP SAN MALEAS,Maersk Line,SAEC1,INBOUND,15/11/2019 06:00,15/11/2019 23:00,Gent (Ghent),Hamburg,15/11/2019 07:20,15/11/2019 22:11
MSC LUDOVICA,MSC,SAEC2,INBOUND,15/11/2019 14:00,16/11/2019 02:00,Bremerhaven,Hamburg,16/11/2019 13:29,17/11/2019 12:01
MARFRET GUYANE,Marfret,NEFGUI,INBOUND,16/11/2019 04:00,16/11/2019 15:00,Le Havre,Rotterdam,16/11/2019 09:42,16/11/2019 18:25
SEASPAN YANGTZE,HAPAG LLOYD,EPIC,INBOUND,16/11/2019 12:00,17/11/2019 05:30,Le Havre,Hamburg,16/11/2019 13:04,17/11/2019 15:06
NORDSERENA,CMA CGM,CES,INBOUND,17/11/2019 06:00,17/11/2019 21:00,Moin,Vlissingen,17/11/2019 15:02,18/11/2019 02:04
MSC PEGASUS,MSC,NWC,INBOUND,14/11/2019 03:00,14/11/2019 18:00,El Dekheila,Rotterdam,14/11/2019 00:50,14/11/2019 09:37
PERSEUS,Ocean Network Express,IB1,INBOUND,15/11/2019 22:00,16/11/2019 06:00,Antwerp,Leixoes,16/11/2019 05:49,16/11/2019 14:00
EUROPE,MSC,AUS,INBOUND,19/11/2019 06:00,20/11/2019 14:00,Damietta,Antwerp,18/11/2019 08:40,18/11/2019 16:11
AEGIALI,HAPAG LLOYD,AL4,INBOUND,20/11/2019 06:00,20/11/2019 23:00,Tuxpan,Southampton,20/11/2019 06:04,20/11/2019 23:00
BERNADETTE,MSC,AEGEAN,INBOUND,20/11/2019 07:00,21/11/2019 07:00,Gent (Ghent),Rotterdam,20/11/2019 09:58,21/11/2019 04:00
CMA CGM FORT FLEUR DEPEE,CMA CGM,NEFWI,INBOUND,20/11/2019 18:00,21/11/2019 06:00,Moin,London Gateway Port,19/11/2019 15:55,20/11/2019 04:04
SEATRADE BLUE,CMA CGM,PAD,INBOUND,20/11/2019 23:59,21/11/2019 12:00,Antwerp,Savannah,21/11/2019 00:25,21/11/2019 08:10
CMA CGM NIAGARA,CMA CGM,SAWC,INBOUND,21/11/2019 05:00,22/11/2019 04:00,Posorja,Hamburg,21/11/2019 14:02,22/11/2019 09:23
NORTHERN JADE,MSC,LEV,INBOUND,21/11/2019 07:00,21/11/2019 23:00,Gent (Ghent),Antwerp,21/11/2019 10:14,22/11/2019 06:10
MSC MARGARITA,MSC,EPIC1,INBOUND,21/11/2019 16:00,22/11/2019 04:00,Mundra,Rotterdam,22/11/2019 18:30,23/11/2019 06:28
DAL KALAHARI,Deutsche Afrika Lines,SAECS,INBOUND,21/11/2019 23:59,22/11/2019 16:00,Rotterdam,Bremerhaven,22/11/2019 10:41,22/11/2019 21:50
YM EXPRESS,Yang Ming Line,AL1,INBOUND,22/11/2019 04:00,22/11/2019 18:00,Savannah,Antwerp,22/11/2019 03:40,22/11/2019 16:57
CAP SAN MARCO,Maersk Line,SAEC1,INBOUND,22/11/2019 06:00,22/11/2019 23:00,Gent (Ghent),Hamburg,22/11/2019 08:45,22/11/2019 23:16
HUNGARY,HAPAG LLOYD,SAEC2,INBOUND,22/11/2019 14:00,23/11/2019 02:00,Bremerhaven,Hamburg,23/11/2019 01:35,23/11/2019 16:05
ELBSAILOR,Ocean Network Express,IB1,INBOUND,22/11/2019 22:00,23/11/2019 06:00,Antwerp,Leixoes,23/11/2019 13:53,23/11/2019 23:04
YM WITNESS,Yang Ming Line,FE3,INBOUND,23/11/2019 20:00,24/11/2019 17:00,Antwerp,Piraeus,23/11/2019 22:36,24/11/2019 20:00
MAJESTIC,HAPAG LLOYD,CES,INBOUND,24/11/2019 06:00,24/11/2019 21:00,Moin,Vlissingen,24/11/2019 07:55,24/11/2019 23:59
MSC MONICA,MSC,BL11,INBOUND,24/11/2019 18:00,25/11/2019 06:00,Liverpool,Antwerp,24/11/2019 21:50,25/11/2019 04:19
MERCS JAFFNA,Unifeeder,AD HOC,INBOUND,18/11/2019 23:59,19/11/2019 10:00,Santa Marta,Antwerp,18/11/2019 19:00,19/11/2019 11:08
COSCO BELGIUM,China Ocean Steamship Company,EPIC,INBOUND,23/11/2019 20:00,24/11/2019 12:00,Le Havre,Hamburg,24/11/2019 06:55,25/11/2019 01:28
APL MEXICO CITY,CMA CGM,NEMO,INBOUND,24/11/2019 22:00,25/11/2019 14:00,Malta Freeport Distripark,Hamburg,25/11/2019 20:00,26/11/2019 03:10
ELLY MAERSK,Maersk Line,AE7,INBOUND,26/11/2019 06:00,27/11/2019 06:00,Nansha,Piraeus,26/11/2019 10:05,27/11/2019 22:25
ST LOUIS EXPRESS,HAPAG LLOYD,AL3,INBOUND,26/11/2019 06:00,26/11/2019 17:00,Norfolk,Bremerhaven,26/11/2019 05:22,26/11/2019 15:06
CMA CGM FORT ST CHARLES,CMA CGM,NEFWI,INBOUND,26/11/2019 18:00,27/11/2019 06:00,Moin,London Gateway Port,26/11/2019 20:46,27/11/2019 09:25
MOL EMISSARY,Ocean Network Express,AL4,INBOUND,27/11/2019 06:00,27/11/2019 23:00,Tuxpan,Southampton,27/11/2019 06:58,28/11/2019 02:14
ER TOKYO,MSC,AUS,INBOUND,27/11/2019 07:00,28/11/2019 04:00,Damietta,Antwerp,27/11/2019 11:13,28/11/2019 05:04
MSC SARAH,MSC,AEGEAN,INBOUND,27/11/2019 07:00,28/11/2019 07:00,Gent (Ghent),Rotterdam,27/11/2019 23:58,28/11/2019 12:35
COSCO SHIPPING DANUBE,China Ocean Steamship Company,SAWC,INBOUND,28/11/2019 05:00,29/11/2019 02:00,Posorja,Hamburg,28/11/2019 05:10,29/11/2019 02:45
CONTI EVEREST,MSC,LEV,INBOUND,28/11/2019 07:00,28/11/2019 23:00,Gent (Ghent),Antwerp,29/11/2019 15:50,30/11/2019 17:30
MSC KATYAYNI,MSC,WAF,INBOUND,28/11/2019 16:00,29/11/2019 04:00,Cotonou,Rotterdam,29/11/2019 05:00,29/11/2019 13:19
SANTA BARBARA,Maersk Line,SAECS,INBOUND,28/11/2019 23:59,29/11/2019 16:00,Rotterdam,Bremerhaven,29/11/2019 00:45,29/11/2019 12:17
BUDAPEST BRIDGE,Ocean Network Express,AL1,INBOUND,29/11/2019 04:00,29/11/2019 18:00,Savannah,Antwerp,29/11/2019 01:35,29/11/2019 20:32
MSC DESIREE,MSC,SAEC2,INBOUND,29/11/2019 14:00,30/11/2019 02:00,Bremerhaven,Hamburg,29/11/2019 17:21,30/11/2019 06:20
MSC APOLLO,MSC,NWC,INBOUND,30/11/2019 05:00,01/12/2019 02:00,El Dekheila,Rotterdam,01/12/2019 20:00,02/12/2019 06:08
ATHENIAN,HAPAG LLOYD,EPIC,INBOUND,30/11/2019 12:00,01/12/2019 05:30,Le Havre,Hamburg,30/11/2019 09:08,01/12/2019 10:20
BALAO,HAPAG LLOYD,CES,INBOUND,01/12/2019 06:00,01/12/2019 21:00,Moin,Vlissingen,01/12/2019 06:30,01/12/2019 14:20
YM FOUNTAIN,Yang Ming Line,IEX,INBOUND,01/12/2019 18:00,02/12/2019 10:00,Rotterdam,London Gateway Port,01/12/2019 19:39,02/12/2019 08:00
MSC SATURN,MSC,NWC,INBOUND,26/11/2019 05:01,26/11/2019 11:00,El Dekheila,Rotterdam,26/11/2019 11:33,26/11/2019 17:08
BF FORTALEZA,BG Freight,AD HOC,INBOUND,27/11/2019 18:00,28/11/2019 06:00,Santa Marta,Antwerp,28/11/2019 06:18,28/11/2019 11:00
CMA CGM MARSEILLE,CMA CGM,NEFGUI,INBOUND,30/11/2019 04:00,30/11/2019 15:00,Le Havre,Rotterdam,30/11/2019 05:10,30/11/2019 19:38
PALENA,HAPAG LLOYD,AL2,INBOUND,02/12/2019 04:00,02/12/2019 17:00,Hamburg,Le Havre,02/12/2019 06:23,02/12/2019 15:05
BOMAR REGINA,CMA CGM,NBE,INBOUND,03/12/2019 10:00,03/12/2019 17:00,Fortaleza,Rotterdam,03/12/2019 08:00,03/12/2019 14:20
CAP SAN NICOLAS,Maersk Line,SAEC1,INBOUND,03/12/2019 19:00,04/12/2019 11:00,Gent (Ghent),Hamburg,03/12/2019 23:55,04/12/2019 11:22
APL MEXICO CITY,CMA CGM,AUS,INBOUND,04/12/2019 09:00,04/12/2019 23:00,Damietta,Antwerp,04/12/2019 14:27,05/12/2019 00:36
APL AUSTRIA,CMA CGM,NEMO,INBOUND,06/12/2019 14:00,07/12/2019 06:00,Malta Freeport Distripark,Hamburg,11/12/2019 12:27,11/12/2019 22:15
YORK,MSC,EPIC1,INBOUND,07/12/2019 23:59,08/12/2019 16:00,Mundra,Rotterdam,08/12/2019 20:12,09/12/2019 12:22
AL BAHIA,HAPAG LLOYD,AL2,INBOUND,09/12/2019 04:00,09/12/2019 17:00,Hamburg,Le Havre,09/12/2019 10:30,09/12/2019 20:25
SAFMARINE NOMAZWE,Maersk Line,CLX,INBOUND,09/12/2019 18:00,10/12/2019 10:00,TERMINAL CONTECAR,Rotterdam,09/12/2019 15:15,10/12/2019 05:06
CMA CGM FORT ST MARIE,CMA CGM,NBE,INBOUND,10/12/2019 04:00,10/12/2019 15:00,Fortaleza,Rotterdam,09/12/2019 23:44,10/12/2019 08:10
ARIES J,CMA CGM,EUM,INBOUND,10/12/2019 05:00,10/12/2019 15:00,Agadir,Dunkerque,12/12/2019 00:45,12/12/2019 05:10
WASHINGTON EXPRESS,HAPAG LLOYD,AL3,INBOUND,10/12/2019 06:00,10/12/2019 17:00,Norfolk,Bremerhaven,10/12/2019 07:55,10/12/2019 23:20
SAN CLEMENTE,China Ocean Steamship Company,SAEC1,INBOUND,07/12/2019 00:30,07/12/2019 11:00,Gent (Ghent),Hamburg,07/12/2019 01:51,07/12/2019 12:23
MARFRET MARAJO,Marfret,NEFGUI,INBOUND,07/12/2019 18:00,08/12/2019 02:00,Le Havre,Rotterdam,07/12/2019 18:25,08/12/2019 02:10
MOL PRESENCE,Ocean Network Express,SAECS,INBOUND,08/12/2019 03:00,08/12/2019 18:00,Rotterdam,Bremerhaven,08/12/2019 03:55,08/12/2019 18:12
JAZAN,HAPAG LLOYD,IEX,INBOUND,08/12/2019 23:00,09/12/2019 14:00,Rotterdam,London Gateway Port,09/12/2019 04:15,09/12/2019 17:03
LAUST MAERSK,Maersk Line,CLX,INBOUND,16/12/2019 18:00,17/12/2019 10:00,TERMINAL CONTECAR,Rotterdam,16/12/2019 18:35,17/12/2019 06:15
CONTI MAKALU,MSC,AUS,INBOUND,18/12/2019 07:00,19/12/2019 04:00,Damietta,Antwerp,14/12/2019 16:40,15/12/2019 06:05
YM EVOLUTION,Yang Ming Line,AL1,INBOUND,20/12/2019 04:00,20/12/2019 18:00,Savannah,Antwerp,20/12/2019 19:03,21/12/2019 09:55
CAP SAN AUGUSTIN,Maersk Line,SAEC1,INBOUND,20/12/2019 06:00,20/12/2019 23:00,Gent (Ghent),Hamburg,20/12/2019 13:00,21/12/2019 00:11
MSC ARICA,MSC,SAEC2,INBOUND,20/12/2019 14:01,21/12/2019 02:00,Bremerhaven,Hamburg,21/12/2019 12:10,21/12/2019 20:08
CMA CGM BRAZIL,CMA CGM,NEFGUI,INBOUND,21/12/2019 04:00,21/12/2019 15:00,Le Havre,Rotterdam,22/12/2019 04:07,22/12/2019 17:30
APL CHONGQING,CMA CGM,EPIC,INBOUND,21/12/2019 12:00,22/12/2019 05:00,Le Havre,Hamburg,21/12/2019 13:30,22/12/2019 16:40
MSC MONICA,MSC,BL11,INBOUND,22/12/2019 18:00,23/12/2019 06:00,Liverpool,Antwerp,23/12/2019 15:27,23/12/2019 21:05
MSC MAUREEN,MSC,NWC,INBOUND,19/12/2019 04:00,19/12/2019 17:00,El Dekheila,Rotterdam,19/12/2019 05:15,19/12/2019 19:10
ANDES,HAPAG LLOYD,AD HOC,INBOUND,19/12/2019 20:00,20/12/2019 10:00,Santa Marta,Antwerp,26/12/2019 06:23,27/12/2019 04:06
BERLIN BRIDGE,Ocean Network Express,AL2,INBOUND,21/12/2019 04:00,21/12/2019 12:00,Hamburg,Le Havre,22/12/2019 11:59,23/12/2019 04:00
ER SWEDEN,China Ocean Steamship Company,IEX,INBOUND,21/12/2019 17:00,22/12/2019 10:00,Rotterdam,London Gateway Port,22/12/2019 19:34,23/12/2019 18:06
CHACABUCO,HAPAG LLOYD,AL2,INBOUND,22/12/2019 04:00,22/12/2019 22:00,Hamburg,Le Havre,21/12/2019 16:20,22/12/2019 11:10
NORTHERN JADE,MSC,LEV,INBOUND,26/12/2019 07:00,26/12/2019 23:00,Gent (Ghent),Antwerp,27/12/2019 04:00,27/12/2019 18:15
MSC MARGARITA,MSC,WAF,INBOUND,26/12/2019 16:00,27/12/2019 04:00,Cotonou,Rotterdam,28/12/2019 23:10,29/12/2019 12:50
UASC ZAMZAM,HAPAG LLOYD,SAEC2,INBOUND,27/12/2019 18:00,28/12/2019 06:00,Bremerhaven,Hamburg,30/12/2019 01:28,30/12/2019 18:28
SANTA ROSA,Maersk Line,SAECS,INBOUND,27/12/2019 23:59,28/12/2019 16:00,Rotterdam,Bremerhaven,27/12/2019 17:58,28/12/2019 10:15
MARFRET GUYANE,Marfret,NEFGUI,INBOUND,28/12/2019 06:00,28/12/2019 15:00,Le Havre,Rotterdam,28/12/2019 12:32,28/12/2019 23:15
APL LE HAVRE,CMA CGM,EPIC,INBOUND,28/12/2019 12:00,29/12/2019 05:00,Le Havre,Hamburg,29/12/2019 01:00,29/12/2019 10:03
ONE MINATO,Ocean Network Express,FE3,INBOUND,28/12/2019 20:00,29/12/2019 17:00,Antwerp,Piraeus,29/12/2019 04:52,30/12/2019 14:10
BANAK,STREAMLINES,CES,INBOUND,29/12/2019 06:00,29/12/2019 21:00,Moin,Vlissingen,29/12/2019 11:30,29/12/2019 21:19
MSC MANDY,MSC,BL11,INBOUND,29/12/2019 18:00,30/12/2019 06:00,Liverpool,Antwerp,30/12/2019 16:35,30/12/2019 22:10
ANTON SCHULTE,HAPAG LLOYD,AL2,INBOUND,30/12/2019 04:00,30/12/2019 22:00,Hamburg,Le Havre,30/12/2019 09:35,31/12/2019 01:08
NAVIOS DORADO,HAPAG LLOYD,AD HOC,INBOUND,24/12/2019 17:00,27/12/2019 04:00,Santa Marta,Antwerp,24/12/2019 17:46,27/12/2019 05:45
WES JANINE,Ocean Network Express,IB1,INBOUND,27/12/2019 10:00,27/12/2019 22:00,Antwerp,Leixoes,27/12/2019 10:24,27/12/2019 16:00
MSC FLORENTINA,MSC,NWC,INBOUND,27/12/2019 14:00,28/12/2019 22:00,El Dekheila,Rotterdam,29/12/2019 14:17,30/12/2019 08:00
PHILADELPHIA EXPRESS,HAPAG LLOYD,AL3,INBOUND,31/12/2019 06:00,31/12/2019 17:00,Norfolk,Bremerhaven,31/12/2019 08:47,01/01/2020 13:33
MOL GLIDE,Ocean Network Express,AL4,INBOUND,01/01/2020 06:00,01/01/2020 23:00,Tuxpan,Southampton,01/01/2020 14:59,02/01/2020 06:11
MSC INGRID,MSC,AEGEAN,INBOUND,01/01/2020 07:00,02/01/2020 07:00,Gent (Ghent),Rotterdam,03/01/2020 12:00,03/01/2020 22:11
MSC INES,MSC,AUS,INBOUND,01/01/2020 12:00,02/01/2020 04:00,Damietta,Antwerp,02/01/2020 13:10,03/01/2020 03:00
SANTOS EXPRESS,HAPAG LLOYD,SAWC,INBOUND,02/01/2020 05:00,03/01/2020 02:00,Posorja,Hamburg,03/01/2020 15:48,04/01/2020 09:06
MSC KATYAYNI,MSC,WAF,INBOUND,02/01/2020 16:00,03/01/2020 04:00,Cotonou,Rotterdam,04/01/2020 06:52,04/01/2020 22:25
SANTA URSULA,Maersk Line,SAECS,INBOUND,02/01/2020 23:59,03/01/2020 16:00,Rotterdam,Bremerhaven,03/01/2020 00:48,03/01/2020 12:18
BUDAPEST BRIDGE,Ocean Network Express,AL1,INBOUND,03/01/2020 04:00,03/01/2020 18:00,Savannah,Antwerp,05/01/2020 16:20,06/01/2020 02:02
CAP SAN ANTONIO,Maersk Line,SAEC1,INBOUND,03/01/2020 06:00,03/01/2020 23:00,Gent (Ghent),Hamburg,02/01/2020 20:06,03/01/2020 08:10
MSC SOFIA CELESTE,MSC,SAEC2,INBOUND,03/01/2020 14:00,04/01/2020 02:00,Bremerhaven,Hamburg,04/01/2020 15:10,05/01/2020 07:10
BALAO,HAPAG LLOYD,CES,INBOUND,05/01/2020 06:00,05/01/2020 21:00,Moin,Vlissingen,05/01/2020 06:28,05/01/2020 13:54
NORDIC LUEBECK,CMA CGM,EUM,INBOUND,31/12/2019 06:15,31/12/2019 16:00,Agadir,Dunkerque,31/12/2019 06:45,31/12/2019 15:34
VAYENGA MAERSK,Maersk Line,AE7,INBOUND,31/12/2019 15:00,01/01/2020 11:00,Nansha,Piraeus,31/12/2019 14:57,01/01/2020 18:05
CMA CGM TANGER,CMA CGM,EUM,INBOUND,01/01/2020 12:00,01/01/2020 22:00,Agadir,Dunkerque,01/01/2020 13:27,02/01/2020 00:55
PERSEUS,Ocean Network Express,IB1,INBOUND,02/01/2020 10:00,02/01/2020 22:00,Antwerp,Leixoes,03/01/2020 04:32,03/01/2020 13:40
YM ENLIGHTENMENT,Yang Ming Line,AL1,INBOUND,04/01/2020 12:00,04/01/2020 20:00,Savannah,Antwerp,04/01/2020 12:38,04/01/2020 19:56
LAURA MAERSK,Maersk Line,CLX,INBOUND,06/01/2020 18:01,07/01/2020 10:00,TERMINAL CONTECAR,Rotterdam,06/01/2020 18:05,07/01/2020 06:25
ST LOUIS EXPRESS,HAPAG LLOYD,AL3,INBOUND,07/01/2020 06:00,07/01/2020 17:00,Norfolk,Bremerhaven,09/01/2020 03:40,09/01/2020 16:01
CMA CGM FORT ST CHARLES,CMA CGM,NEFWI,INBOUND,07/01/2020 18:00,08/01/2020 06:00,Moin,London Gateway Port,07/01/2020 19:02,08/01/2020 09:31
MAASHOLM,CMA CGM,EUM,INBOUND,08/01/2020 05:00,08/01/2020 15:00,Agadir,Dunkerque,08/01/2020 20:50,09/01/2020 10:06
AEGIALI,HAPAG LLOYD,AL4,INBOUND,08/01/2020 06:00,08/01/2020 23:00,Tuxpan,Southampton,08/01/2020 05:24,08/01/2020 18:20
SEAMAX GREENWICH,MSC,AUS,INBOUND,08/01/2020 12:00,09/01/2020 04:00,Damietta,Antwerp,08/01/2020 14:44,09/01/2020 06:57
CMA CGM TANYA,CMA CGM,SAWC,INBOUND,09/01/2020 06:00,10/01/2020 02:00,Posorja,Hamburg,09/01/2020 09:55,10/01/2020 04:30
WES JANINE,Ocean Network Express,IB1,INBOUND,09/01/2020 23:59,10/01/2020 06:00,Antwerp,Leixoes,09/01/2020 19:58,10/01/2020 09:05
DAL KALAHARI,Deutsche Afrika Lines,SAECS,INBOUND,09/01/2020 23:59,10/01/2020 16:00,Rotterdam,Bremerhaven,10/01/2020 02:45,10/01/2020 18:16
UASC UMM QASR,HAPAG LLOYD,SAEC2,INBOUND,10/01/2020 14:00,11/01/2020 02:00,Bremerhaven,Hamburg,10/01/2020 18:39,11/01/2020 09:17
MOL GUARDIAN,Ocean Network Express,IEX,INBOUND,12/01/2020 18:00,13/01/2020 10:00,Rotterdam,London Gateway Port,13/01/2020 15:12,14/01/2020 10:03
LICA MAERSK,Maersk Line,CLX,INBOUND,13/01/2020 18:00,14/01/2020 10:00,TERMINAL CONTECAR,Rotterdam,14/01/2020 04:00,15/01/2020 04:25
RIO GRANDE EXPRESS,HAPAG LLOYD,AL3,INBOUND,14/01/2020 06:00,14/01/2020 17:00,Norfolk,Bremerhaven,14/01/2020 04:53,15/01/2020 14:40
DOMINGO,CMA CGM,NEFWI,INBOUND,14/01/2020 18:00,15/01/2020 06:00,Moin,London Gateway Port,14/01/2020 16:45,15/01/2020 15:40
MSC LISA,MSC,AEGEAN,INBOUND,15/01/2020 09:00,15/01/2020 23:00,Gent (Ghent),Rotterdam,15/01/2020 17:22,16/01/2020 03:59
BENEDIKT,CMA CGM,EUM,INBOUND,16/01/2020 11:00,16/01/2020 21:00,Agadir,Dunkerque,19/01/2020 03:41,19/01/2020 09:15
LEXA MAERSK,Maersk Line,CLX,INBOUND,20/01/2020 18:00,21/01/2020 10:00,Guayaquil,Rotterdam,21/01/2020 05:52,21/01/2020 18:14
DINA TRADER,CMA CGM,EUM,INBOUND,17/01/2020 04:00,17/01/2020 10:00,Agadir,Dunkerque,17/01/2020 04:30,17/01/2020 10:12
MOL PROFICIENCY,Ocean Network Express,SAECS,INBOUND,17/01/2020 23:00,18/01/2020 14:00,Rotterdam,Bremerhaven,17/01/2020 23:30,18/01/2020 13:03
YM ENLIGHTENMENT,Yang Ming Line,AL1,INBOUND,24/01/2020 04:00,24/01/2020 18:00,Savannah,Antwerp,24/01/2020 04:50,24/01/2020 17:30
CAP SAN NICOLAS,Maersk Line,SAEC1,INBOUND,24/01/2020 06:00,24/01/2020 23:00,Gent (Ghent),Hamburg,24/01/2020 21:05,25/01/2020 10:50
HUNGARY,HAPAG LLOYD,SAEC2,INBOUND,24/01/2020 18:00,25/01/2020 06:00,Bremerhaven,Hamburg,24/01/2020 19:16,25/01/2020 07:00
ATHENIAN,HAPAG LLOYD,EPIC,INBOUND,25/01/2020 12:00,26/01/2020 05:30,Le Havre,Hamburg,25/01/2020 15:53,26/01/2020 07:07
YM WELLSPRING,Ocean Network Express,FE3,INBOUND,25/01/2020 20:00,26/01/2020 17:00,Antwerp,Piraeus,25/01/2020 18:21,26/01/2020 23:59
SM CHARLESTON,MSC,EPIC1,INBOUND,26/01/2020 16:00,27/01/2020 16:00,Mundra,Rotterdam,27/01/2020 02:05,28/01/2020 01:16
MSC MANDY,MSC,BL11,INBOUND,26/01/2020 18:00,27/01/2020 06:00,Liverpool,Antwerp,27/01/2020 14:47,27/01/2020 21:30
AL RAWDAH,HAPAG LLOYD,IEX,INBOUND,26/01/2020 18:00,27/01/2020 10:00,Rotterdam,London Gateway Port,27/01/2020 04:36,27/01/2020 19:34
EVRIDIKI G,HAPAG LLOYD,CES,INBOUND,23/01/2020 04:00,23/01/2020 20:00,Caucedo,Vlissingen,23/01/2020 15:00,23/01/2020 22:16
HSL NIKE,HAPAG LLOYD,CES,INBOUND,26/01/2020 06:00,26/01/2020 15:00,Caucedo,Vlissingen,26/01/2020 10:50,26/01/2020 18:25
MSC CHLOE,MSC,NWC,INBOUND,27/01/2020 03:00,27/01/2020 23:00,El Dekheila,Rotterdam,27/01/2020 03:13,27/01/2020 09:22
COSCO SHIPPING DANUBE,China Ocean Steamship Company,SAWC,INBOUND,30/01/2020 05:00,31/01/2020 02:00,Posorja,Hamburg,30/01/2020 07:17,30/01/2020 19:47
MSC MARGARITA,MSC,WAF,INBOUND,30/01/2020 16:00,31/01/2020 04:00,Cotonou,Rotterdam,31/01/2020 13:10,01/02/2020 03:26
MOL PRESENCE,Ocean Network Express,SAECS,INBOUND,30/01/2020 23:59,31/01/2020 16:00,Rotterdam,Bremerhaven,31/01/2020 01:25,31/01/2020 11:45
YM EXPRESS,Yang Ming Line,AL1,INBOUND,31/01/2020 04:00,31/01/2020 18:00,Savannah,Antwerp,31/01/2020 04:37,01/02/2020 00:58
CAP SAN MALEAS,Maersk Line,SAEC1,INBOUND,31/01/2020 06:00,31/01/2020 23:00,Gent (Ghent),Hamburg,31/01/2020 07:03,31/01/2020 22:59
WES JANINE,Ocean Network Express,IB1,INBOUND,31/01/2020 22:00,01/02/2020 06:00,Antwerp,Leixoes,01/02/2020 00:47,01/02/2020 06:01
CMA CGM MUMBAI,CMA CGM,EPIC,INBOUND,01/02/2020 12:00,02/02/2020 05:30,Le Havre,Hamburg,01/02/2020 09:14,02/02/2020 06:54
YM WITNESS,Yang Ming Line,FE3,INBOUND,01/02/2020 20:00,02/02/2020 17:00,Antwerp,Piraeus,01/02/2020 17:40,03/02/2020 03:34
MSC DESIREE,MSC,EPIC1,INBOUND,02/02/2020 16:00,03/02/2020 16:00,Mundra,Rotterdam,02/02/2020 12:56,03/02/2020 07:40
NORDVIOLET,STREAMLINES,CES,INBOUND,29/01/2020 08:00,29/01/2020 21:00,Caucedo,Vlissingen,29/01/2020 09:02,29/01/2020 21:35
MSC SAVANNAH,MSC,NWC,INBOUND,30/01/2020 06:00,30/01/2020 17:00,El Dekheila,Rotterdam,30/01/2020 12:17,30/01/2020 23:11
ARIES J,CMA CGM,EUM,INBOUND,30/01/2020 23:59,31/01/2020 10:00,Agadir,Dunkerque,01/02/2020 04:26,01/02/2020 12:36
SAFMARINE NOKWANDA,Maersk Line,CLX,INBOUND,31/01/2020 21:00,01/02/2020 12:00,Guayaquil,Rotterdam,01/02/2020 15:23,02/02/2020 18:00
JPO SCORPIUS,HAPAG LLOYD,CES,INBOUND,02/02/2020 22:00,03/02/2020 04:00,Caucedo,Vlissingen,04/02/2020 10:23,04/02/2020 17:00
CONMAR AVENUE,CMA CGM,EUM,INBOUND,04/02/2020 05:00,04/02/2020 15:00,Agadir,Dunkerque,06/02/2020 02:15,06/02/2020 05:42
GENOA,HAPAG LLOYD,AL4,INBOUND,05/02/2020 06:00,05/02/2020 23:00,Tuxpan,Southampton,07/02/2020 04:26,07/02/2020 20:15
MSC INGRID,MSC,AEGEAN,INBOUND,05/02/2020 07:00,06/02/2020 07:00,Gent (Ghent),Rotterdam,06/02/2020 08:55,06/02/2020 20:18
CARTAGENA EXPRESS,HAPAG LLOYD,SAWC,INBOUND,06/02/2020 05:00,07/02/2020 02:00,Posorja,Hamburg,07/02/2020 03:20,07/02/2020 22:10
MSC KATYAYNI,MSC,WAF,INBOUND,06/02/2020 16:00,07/02/2020 04:00,Cotonou,Rotterdam,08/02/2020 00:19,08/02/2020 08:27
SANTA CLARA,Maersk Line,SAECS,INBOUND,06/02/2020 23:59,07/02/2020 16:00,Rotterdam,Bremerhaven,08/02/2020 05:00,08/02/2020 19:10
BUDAPEST BRIDGE,Ocean Network Express,AL1,INBOUND,07/02/2020 04:00,07/02/2020 18:00,Savannah,Antwerp,07/02/2020 08:45,08/02/2020 01:36
CAP SAN RAPHAEL,Maersk Line,SAEC1,INBOUND,07/02/2020 06:00,07/02/2020 23:00,Gent (Ghent),Hamburg,06/02/2020 07:13,06/02/2020 19:25
MSC INES,MSC,LEV,INBOUND,07/02/2020 07:00,07/02/2020 23:00,Gent (Ghent),Antwerp,06/02/2020 11:52,07/02/2020 07:05
CMA CGM BRAZIL,CMA CGM,NEFGUI,INBOUND,04/02/2020 05:00,04/02/2020 14:00,Le Havre,Rotterdam,04/02/2020 05:44,04/02/2020 14:00
BANAK,HAPAG LLOYD,CES,INBOUND,05/02/2020 08:00,05/02/2020 23:00,Caucedo,Vlissingen,05/02/2020 10:39,06/02/2020 04:50
SAFMARINE NOMAZWE,Maersk Line,CLX,INBOUND,06/02/2020 20:00,07/02/2020 12:00,Guayaquil,Rotterdam,08/02/2020 03:41,08/02/2020 20:03
POLAR ECUADOR,Maersk Line,CLX,INBOUND,10/02/2020 18:00,11/02/2020 10:00,Guayaquil,Rotterdam,11/02/2020 05:04,12/02/2020 03:23
PHILADELPHIA EXPRESS,HAPAG LLOYD,AL3,INBOUND,11/02/2020 06:00,11/02/2020 17:00,Norfolk,Bremerhaven,12/02/2020 17:48,13/02/2020 05:10
CMA CGM FORT FLEUR DEPEE,CMA CGM,NEFWI,INBOUND,11/02/2020 18:00,12/02/2020 06:00,Moin,London Gateway Port,13/02/2020 14:38,14/02/2020 02:26
MOL GRATITUDE,Ocean Network Express,AL4,INBOUND,12/02/2020 06:00,12/02/2020 23:00,Tuxpan,Southampton,13/02/2020 18:33,14/02/2020 07:05
MSC RACHELE,MSC,AUS,INBOUND,12/02/2020 07:00,12/02/2020 23:00,Damietta,Antwerp,14/02/2020 20:38,15/02/2020 08:02
NORDMAPLE,Marfret,PAD,INBOUND,12/02/2020 23:59,13/02/2020 11:00,Antwerp,Savannah,12/02/2020 05:00,12/02/2020 15:26
SEASPAN OCEANIA,MSC,LEV,INBOUND,13/02/2020 07:00,13/02/2020 23:00,Gent (Ghent),Antwerp,14/02/2020 22:28,15/02/2020 15:40
YM EVOLUTION,Yang Ming Line,AL1,INBOUND,14/02/2020 04:00,14/02/2020 18:00,Savannah,Antwerp,14/02/2020 08:56,14/02/2020 19:00
CAP SAN AUGUSTIN,Maersk Line,SAEC1,INBOUND,14/02/2020 06:00,14/02/2020 23:00,Gent (Ghent),Hamburg,14/02/2020 05:00,14/02/2020 21:30
MSC MAUREEN,MSC,NWC,INBOUND,12/02/2020 21:00,13/02/2020 11:00,El Dekheila,Rotterdam,14/02/2020 01:52,14/02/2020 17:09
AL BAHIA,HAPAG LLOYD,AL2,INBOUND,17/02/2020 04:00,17/02/2020 22:00,Hamburg,Le Havre,17/02/2020 15:26,18/02/2020 06:32
POLAR MEXICO,Maersk Line,CLX,INBOUND,17/02/2020 18:00,18/02/2020 10:00,Guayaquil,Rotterdam,18/02/2020 13:04,19/02/2020 12:00
ST LOUIS EXPRESS,HAPAG LLOYD,AL3,INBOUND,18/02/2020 06:00,18/02/2020 17:00,Norfolk,Bremerhaven,18/02/2020 10:25,18/02/2020 21:55
EBBA MAERSK,Maersk Line,AE7,INBOUND,18/02/2020 06:00,19/02/2020 06:00,Nansha,Piraeus,18/02/2020 08:40,19/02/2020 06:37
VALPARAISO EXPRESS,HAPAG LLOYD,SAWC,INBOUND,19/02/2020 01:00,19/02/2020 23:00,Posorja,Hamburg,19/02/2020 10:58,20/02/2020 08:32
ANNA G,Unifeeder,UNEC,INBOUND,19/02/2020 04:00,19/02/2020 15:00,Grangemouth,Antwerp,21/02/2020 21:53,22/02/2020 09:32
XIN YAN TAI,China Ocean Steamship Company,IEX,INBOUND,23/02/2020 18:00,24/02/2020 10:00,Rotterdam,London Gateway Port,23/02/2020 08:34,24/02/2020 08:58
POLAR PERU,Maersk Line,CLX,INBOUND,24/02/2020 18:00,25/02/2020 10:00,Guayaquil,Rotterdam,24/02/2020 22:30,25/02/2020 11:34
RIO GRANDE EXPRESS,HAPAG LLOYD,AL3,INBOUND,25/02/2020 06:00,25/02/2020 17:00,Norfolk,Bremerhaven,25/02/2020 04:42,25/02/2020 19:20
MSC NEDERLAND,MSC,WAF,INBOUND,21/02/2020 19:30,22/02/2020 06:00,Cotonou,Rotterdam,21/02/2020 20:47,22/02/2020 07:32
NORDIC LUEBECK,CMA CGM,EUM,INBOUND,22/02/2020 20:00,23/02/2020 03:00,Agadir,Dunkerque,22/02/2020 22:57,23/02/2020 04:14
PERSEUS,Ocean Network Express,IB1,INBOUND,22/02/2020 21:00,23/02/2020 04:00,Rotterdam World Gateway Terminal,Leixoes,22/02/2020 23:25,23/02/2020 10:55
MSC MONICA,MSC,BL11,INBOUND,25/02/2020 02:00,25/02/2020 16:00,Liverpool,Antwerp,25/02/2020 22:45,26/02/2020 06:58
DAL KALAHARI,Deutsche Afrika Lines,SAECS,INBOUND,28/02/2020 06:00,28/02/2020 22:00,Rotterdam,Bremerhaven,28/02/2020 06:46,28/02/2020 18:31
CMA CGM TANGER,CMA CGM,EUM,INBOUND,01/03/2020 09:00,01/03/2020 19:00,Agadir,Dunkerque,29/02/2020 17:35,01/03/2020 05:59
POLAR COSTA RICA,Maersk Line,CLX,INBOUND,02/03/2020 18:00,03/03/2020 10:00,Guayaquil,Rotterdam,01/03/2020 00:02,01/03/2020 17:05
WES JANINE,Ocean Network Express,IB1,INBOUND,02/03/2020 10:00,02/03/2020 18:00,Rotterdam World Gateway Terminal,Leixoes,01/03/2020 08:35,01/03/2020 19:02
MSC ALTAMIRA,MSC,NWC,INBOUND,02/03/2020 18:00,03/03/2020 11:00,El Dekheila,Rotterdam,04/03/2020 16:45,05/03/2020 12:07
CAP SAN ARTEMISSIO,Maersk Line,SAEC1,INBOUND,06/03/2020 06:00,06/03/2020 23:00,Gent (Ghent),Hamburg,05/03/2020 20:28,06/03/2020 12:31
NAVIOS UNISON,HAPAG LLOYD,EPIC,INBOUND,02/03/2020 19:00,03/03/2020 08:00,Le Havre,Hamburg,02/03/2020 19:30,03/03/2020 08:25
MATZ MAERSK,Maersk Line,AE7,INBOUND,04/03/2020 03:45,05/03/2020 06:00,Nansha,Piraeus,04/03/2020 05:36,05/03/2020 05:27
ER SEOUL,HAPAG LLOYD,AL4,INBOUND,04/03/2020 06:00,04/03/2020 23:00,Tuxpan,Southampton,05/03/2020 07:32,05/03/2020 17:25
YM WONDERLAND,Yang Ming Line,FE3,INBOUND,04/03/2020 18:00,05/03/2020 19:00,Antwerp,Piraeus,04/03/2020 21:20,06/03/2020 06:32
ER TOKYO,MSC,AUS,INBOUND,07/03/2020 04:00,07/03/2020 22:00,Damietta,Antwerp,07/03/2020 06:19,08/03/2020 10:30
CONMAR AVENUE,CMA CGM,EUM,INBOUND,07/03/2020 08:30,07/03/2020 16:00,Agadir,Dunkerque,07/03/2020 09:35,07/03/2020 15:55
ANNA G,Unifeeder,UNEC,INBOUND,08/03/2020 01:00,08/03/2020 14:00,Grangemouth,Antwerp,08/03/2020 01:17,08/03/2020 14:30
MSC SOFIA CELESTE,MSC,SAEC2,INBOUND,10/03/2020 16:00,11/03/2020 12:00,Bremerhaven,Hamburg,10/03/2020 13:15,11/03/2020 06:20
CMA CGM SAINT LAURENT,CMA CGM,NEFGUI,INBOUND,10/03/2020 18:00,11/03/2020 06:00,Le Havre,Rotterdam,12/03/2020 13:43,13/03/2020 04:05
APL MEXICO CITY,CMA CGM,AUS,INBOUND,11/03/2020 12:00,12/03/2020 04:00,Damietta,Antwerp,11/03/2020 14:42,12/03/2020 01:29
PALENA,HAPAG LLOYD,AL2,INBOUND,16/03/2020 04:00,16/03/2020 22:00,Hamburg,Le Havre,16/03/2020 07:32,16/03/2020 21:00
MSC MANDY,MSC,BL11,INBOUND,16/03/2020 07:00,16/03/2020 17:00,Liverpool,Antwerp,16/03/2020 11:30,16/03/2020 17:20
CHARLESTON EXPRESS,HAPAG LLOYD,AL3,INBOUND,11/03/2020 16:00,12/03/2020 06:00,Norfolk,Bremerhaven,11/03/2020 16:45,12/03/2020 09:18
ARICA,HAPAG LLOYD,CES,INBOUND,14/03/2020 10:00,14/03/2020 23:59,Caucedo,Vlissingen,14/03/2020 20:20,15/03/2020 10:05
MSC TIANJIN,MSC,NWC,INBOUND,14/03/2020 12:00,15/03/2020 11:00,El Dekheila,Rotterdam,14/03/2020 23:01,15/03/2020 06:12
ANNA G,Unifeeder,UNEC,INBOUND,15/03/2020 04:00,15/03/2020 15:00,Grangemouth,Antwerp,15/03/2020 09:58,15/03/2020 15:30
YM EVOLUTION,Yang Ming Line,AL1,INBOUND,20/03/2020 04:00,20/03/2020 18:00,Savannah,Antwerp,20/03/2020 05:05,20/03/2020 19:00
CAP SAN NICOLAS,Maersk Line,SAEC1,INBOUND,20/03/2020 06:00,20/03/2020 23:00,Gent (Ghent),Hamburg,20/03/2020 13:30,21/03/2020 06:15
MSC BRANKA,MSC,SAEC2,INBOUND,20/03/2020 14:00,21/03/2020 02:00,Bremerhaven,Hamburg,20/03/2020 23:10,21/03/2020 21:05
MARFRET GUYANE,Marfret,NEFGUI,INBOUND,21/03/2020 04:00,21/03/2020 15:00,Le Havre,Rotterdam,21/03/2020 08:52,21/03/2020 18:05
MSC MONICA,MSC,BL11,INBOUND,24/03/2020 02:00,24/03/2020 14:00,Liverpool,Antwerp,12/03/2020 12:54,12/03/2020 18:19
MADRID EXPRESS,HAPAG LLOYD,FE3,INBOUND,17/03/2020 16:45,18/03/2020 15:00,Antwerp,Piraeus,17/03/2020 17:32,18/03/2020 17:20
MOL GUARDIAN,Ocean Network Express,IEX,INBOUND,18/03/2020 08:00,18/03/2020 23:00,Rotterdam,London Gateway Port,18/03/2020 12:00,19/03/2020 04:39
ANNA G,Unifeeder,UNEC,INBOUND,18/03/2020 16:00,18/03/2020 23:00,Grangemouth,Antwerp,18/03/2020 19:25,19/03/2020 06:55
ARIES J,CMA CGM,EUM,INBOUND,19/03/2020 21:00,20/03/2020 07:00,Agadir,Dunkerque,21/03/2020 11:06,21/03/2020 16:15
CATHERINE C,MSC,NWC,INBOUND,20/03/2020 10:00,20/03/2020 22:00,El Dekheila,Rotterdam,22/03/2020 08:55,22/03/2020 21:10
GENOA,HAPAG LLOYD,AL4,INBOUND,25/03/2020 06:00,25/03/2020 23:00,Tuxpan,Southampton,25/03/2020 23:44,26/03/2020 22:55
BERNADETTE,MSC,AEGEAN,INBOUND,25/03/2020 07:00,26/03/2020 07:00,Canakkale,Rotterdam,25/03/2020 09:52,26/03/2020 04:36
CONTI MAKALU,MSC,AUS,INBOUND,25/03/2020 12:00,26/03/2020 04:00,Damietta,Antwerp,26/03/2020 14:31,27/03/2020 15:50
SEATRADE ORANGE,CMA CGM,PAD,INBOUND,25/03/2020 23:59,26/03/2020 11:00,Antwerp,Savannah,27/03/2020 21:55,28/03/2020 08:15
CMA CGM NIAGARA,CMA CGM,SAWC,INBOUND,26/03/2020 05:00,27/03/2020 02:00,Posorja,Hamburg,26/03/2020 06:45,27/03/2020 02:03
MSC ORIANE,MSC,WAF,INBOUND,26/03/2020 16:00,27/03/2020 04:00,Cotonou,Rotterdam,27/03/2020 11:35,27/03/2020 23:05
YM ESSENCE,Yang Ming Line,AL1,INBOUND,27/03/2020 04:00,27/03/2020 18:00,Savannah,Antwerp,27/03/2020 03:31,27/03/2020 20:27
SANTA BARBARA,Maersk Line,SAECS,INBOUND,23/03/2020 13:00,24/03/2020 10:00,Rotterdam,Bremerhaven,23/03/2020 14:05,24/03/2020 10:01
ANNA G,Unifeeder,UNEC,INBOUND,25/03/2020 04:00,25/03/2020 15:00,Grangemouth,Antwerp,27/03/2020 01:22,27/03/2020 09:25
ER YOKOHAMA,MSC,NWC,INBOUND,26/03/2020 06:00,26/03/2020 23:00,El Dekheila,Rotterdam,27/03/2020 17:30,28/03/2020 03:35
SAFMARINE BAYETE,Maersk Line,CLX,INBOUND,30/03/2020 18:00,31/03/2020 06:00,Guayaquil,Rotterdam,30/03/2020 22:48,31/03/2020 12:15
ST LOUIS EXPRESS,HAPAG LLOYD,AL3,INBOUND,31/03/2020 06:00,31/03/2020 17:00,Norfolk,Bremerhaven,31/03/2020 09:41,31/03/2020 18:56
CMA CGM FORT ST CHARLES,CMA CGM,NEFWI,INBOUND,31/03/2020 18:00,01/04/2020 06:00,Moin,London Gateway Port,31/03/2020 18:43,01/04/2020 08:00
